{"time": "2026030823541448222532724", "train_split": 1.0, "train_split_seed": null, "hidden_dim": 128, "z_dim": 1, "A_dim": 1, "train_on_non_zero": true, "dropout_augmentation_p": 0.1, "dropout_augmentation_type": "all", "cuda": false, "alpha": 100, "beta": 1, "chi": 0.5, "h_scale": 0, "delayed_steps_on_sparse": 5, "number_of_opt": 1, "batch_size": 64, "n_epochs": 120, "schedule": [1000, 2000], "eval_on_n_steps": 10, "early_stopping": 0, "lr_nn": 0.0001, "lr_adj": 2e-05, "K1": 1, "K2": 2, "current_step": 11, "log": {"0": {"train_loss_rec": 3.1488295197486877, "train_loss_kl": 0.025248557794839144, "train_loss_sparse": 0.0001673912411206402, "train_loss_da": 1.246254324913025, "train_loss": 3.7972052693367004, "negative_adj": 0}, "1": {"train_loss_rec": 1.9032821357250214, "train_loss_kl": 0.11256694979965687, "train_loss_sparse": 0.00017077304073609412, "train_loss_da": 1.2620574235916138, "train_loss": 2.6639551520347595, "negative_adj": 38483304}, "2": {"train_loss_rec": 0.862439289689064, "train_loss_kl": 0.3708120882511139, "train_loss_sparse": 0.00020180824503768235, "train_loss_da": 1.271365374326706, "train_loss": 1.8891149461269379, "negative_adj": 52247874}, "3": {"train_loss_rec": 0.6158475279808044, "train_loss_kl": 0.35584980994462967, "train_loss_sparse": 0.00026358754257671535, "train_loss_da": 1.268182098865509, "train_loss": 1.6321471631526947, "negative_adj": 61217889}, "4": {"train_loss_rec": 0.4261232540011406, "train_loss_kl": 0.40400292724370956, "train_loss_sparse": 0.0002991770816151984, "train_loss_da": 1.2660510540008545, "train_loss": 1.4930694699287415, "negative_adj": 67259104}, "5": {"train_loss_rec": 0.3618861213326454, "train_loss_kl": 0.39583855867385864, "train_loss_sparse": 0.0003106309086433612, "train_loss_da": 1.266281545162201, "train_loss": 1.4219285249710083, "negative_adj": 77711018}, "6": {"train_loss_rec": 0.3235537111759186, "train_loss_kl": 0.3829507753252983, "train_loss_sparse": 0.00032459539943374693, "train_loss_da": 1.2656432688236237, "train_loss": 1.3717856109142303, "negative_adj": 86045177}, "7": {"train_loss_rec": 0.30092018097639084, "train_loss_kl": 0.3678808882832527, "train_loss_sparse": 0.00034190379665233195, "train_loss_da": 1.265118271112442, "train_loss": 1.3355505764484406, "negative_adj": 92337585}, "8": {"train_loss_rec": 0.2850431501865387, "train_loss_kl": 0.351056806743145, "train_loss_sparse": 0.0003620283678174019, "train_loss_da": 1.266761839389801, "train_loss": 1.305683672428131, "negative_adj": 97310861}, "9": {"train_loss_rec": 0.27480626106262207, "train_loss_kl": 0.33470603078603745, "train_loss_sparse": 0.0003850129069178365, "train_loss_da": 1.2665394246578217, "train_loss": 1.281283289194107, "negative_adj": 101174930}, "10": {"train_loss_rec": 0.2748122215270996, "train_loss_kl": 0.3165659159421921, "train_loss_sparse": 0.00040952728886622936, "train_loss_da": 1.267076462507248, "train_loss": 1.2658690810203552, "negative_adj": 104125661}, "11": {"train_loss_rec": 0.26971127837896347, "train_loss_kl": 0.30559370666742325, "train_loss_sparse": 0.000432951477705501, "train_loss_da": 1.267862468957901, "train_loss": 1.2525313794612885, "negative_adj": 106239321}}}