{"time": "2026030804175696930173709", "train_split": 1.0, "train_split_seed": null, "hidden_dim": 128, "z_dim": 1, "A_dim": 1, "train_on_non_zero": true, "dropout_augmentation_p": 0.1, "dropout_augmentation_type": "all", "cuda": false, "alpha": 100, "beta": 1, "chi": 0.5, "h_scale": 0, "delayed_steps_on_sparse": 5, "number_of_opt": 1, "batch_size": 64, "n_epochs": 120, "schedule": [1000, 2000], "eval_on_n_steps": 10, "early_stopping": 0, "lr_nn": 0.0001, "lr_adj": 2e-05, "K1": 1, "K2": 2, "current_step": 11, "log": {"0": {"train_loss_rec": 3.2955395380655923, "train_loss_kl": 0.007774409993241231, "train_loss_sparse": 0.00016833787958603352, "train_loss_da": 1.2465397516886394, "train_loss": 3.926583925882975, "negative_adj": 0}, "1": {"train_loss_rec": 1.6542141834894817, "train_loss_kl": 0.1728302240371704, "train_loss_sparse": 0.00017454359234155467, "train_loss_da": 1.2437634070714314, "train_loss": 2.4663804372151694, "negative_adj": 25613190}, "2": {"train_loss_rec": 0.9379571278889974, "train_loss_kl": 0.382587065299352, "train_loss_sparse": 0.00020166824591190866, "train_loss_da": 1.2438221375147502, "train_loss": 1.962622086207072, "negative_adj": 38281196}, "3": {"train_loss_rec": 0.7269147833188375, "train_loss_kl": 0.35223005215326947, "train_loss_sparse": 0.00024154837592504919, "train_loss_da": 1.245507836341858, "train_loss": 1.7260535955429077, "negative_adj": 54343166}, "4": {"train_loss_rec": 0.5203420519828796, "train_loss_kl": 0.3680273691813151, "train_loss_sparse": 0.00028000679837229353, "train_loss_da": 1.2439810434977214, "train_loss": 1.538360635439555, "negative_adj": 62452133}, "5": {"train_loss_rec": 0.39217856526374817, "train_loss_kl": 0.38747594753901166, "train_loss_sparse": 0.00030115624152434367, "train_loss_da": 1.2452346881230671, "train_loss": 1.4323875109354656, "negative_adj": 68649352}, "6": {"train_loss_rec": 0.33353618780771893, "train_loss_kl": 0.37950344880421955, "train_loss_sparse": 0.0003100687948366006, "train_loss_da": 1.2442104021708171, "train_loss": 1.3661517302195232, "negative_adj": 76298223}, "7": {"train_loss_rec": 0.29720253745714825, "train_loss_kl": 0.36745961507161456, "train_loss_sparse": 0.00031898739204431575, "train_loss_da": 1.2459381818771362, "train_loss": 1.3195299704869587, "negative_adj": 82849897}, "8": {"train_loss_rec": 0.2766174077987671, "train_loss_kl": 0.3557015359401703, "train_loss_sparse": 0.0003301174147054553, "train_loss_da": 1.2438401381174724, "train_loss": 1.2872507174809773, "negative_adj": 87841104}, "9": {"train_loss_rec": 0.265685240427653, "train_loss_kl": 0.34297506014506024, "train_loss_sparse": 0.0003434633933162938, "train_loss_da": 1.24312158425649, "train_loss": 1.2645674149195354, "negative_adj": 92001581}, "10": {"train_loss_rec": 0.26137707630793255, "train_loss_kl": 0.32834509015083313, "train_loss_sparse": 0.00035904393492576975, "train_loss_da": 1.244364062945048, "train_loss": 1.247808615366618, "negative_adj": 95446980}, "11": {"train_loss_rec": 0.2592124839623769, "train_loss_kl": 0.31402865052223206, "train_loss_sparse": 0.00037594895305422443, "train_loss_da": 1.2435863415400188, "train_loss": 1.2326292196909587, "negative_adj": 98140928}}}