{"time": "2026030912105231514670427", "train_split": 1.0, "train_split_seed": null, "hidden_dim": 128, "z_dim": 1, "A_dim": 1, "train_on_non_zero": true, "dropout_augmentation_p": 0.1, "dropout_augmentation_type": "all", "cuda": false, "alpha": 100, "beta": 1, "chi": 0.5, "h_scale": 0, "delayed_steps_on_sparse": 5, "number_of_opt": 1, "batch_size": 64, "n_epochs": 120, "schedule": [1000, 2000], "eval_on_n_steps": 10, "early_stopping": 0, "lr_nn": 0.0001, "lr_adj": 2e-05, "K1": 1, "K2": 2, "current_step": 11, "log": {"0": {"train_loss_rec": 2.5573160648345947, "train_loss_kl": 0.007266052067279816, "train_loss_sparse": 0.0001693748272373341, "train_loss_da": 1.3060596585273743, "train_loss": 3.2176119089126587, "negative_adj": 0}, "1": {"train_loss_rec": 2.4405665397644043, "train_loss_kl": 0.0006178204930620268, "train_loss_sparse": 0.00015572568372590467, "train_loss_da": 1.2981239557266235, "train_loss": 3.1058189868927, "negative_adj": 22143967}, "2": {"train_loss_rec": 2.0951600670814514, "train_loss_kl": 0.026005723513662815, "train_loss_sparse": 0.00013187727745389566, "train_loss_da": 1.3182655572891235, "train_loss": 2.79348623752594, "negative_adj": 44517820}, "3": {"train_loss_rec": 1.4788868427276611, "train_loss_kl": 0.151774562895298, "train_loss_sparse": 0.00013995906920172274, "train_loss_da": 1.3475022912025452, "train_loss": 2.318408489227295, "negative_adj": 55883219}, "4": {"train_loss_rec": 0.8509263396263123, "train_loss_kl": 0.351678729057312, "train_loss_sparse": 0.00015669149433961138, "train_loss_da": 1.3749523758888245, "train_loss": 1.9057504534721375, "negative_adj": 63894171}, "5": {"train_loss_rec": 0.7976801991462708, "train_loss_kl": 0.3323448449373245, "train_loss_sparse": 0.00018521137099014595, "train_loss_da": 1.375038743019104, "train_loss": 1.8360655307769775, "negative_adj": 68203954}, "6": {"train_loss_rec": 0.6677727699279785, "train_loss_kl": 0.320671871304512, "train_loss_sparse": 0.00022274854563875124, "train_loss_da": 1.3811558485031128, "train_loss": 1.7012975215911865, "negative_adj": 69631195}, "7": {"train_loss_rec": 0.5566964745521545, "train_loss_kl": 0.3006509095430374, "train_loss_sparse": 0.00026163176517002285, "train_loss_da": 1.3809029459953308, "train_loss": 1.5739619731903076, "negative_adj": 70112022}, "8": {"train_loss_rec": 0.437149778008461, "train_loss_kl": 0.3059718906879425, "train_loss_sparse": 0.00029541093681473285, "train_loss_da": 1.3874778747558594, "train_loss": 1.4664016962051392, "negative_adj": 71130495}, "9": {"train_loss_rec": 0.3712838441133499, "train_loss_kl": 0.32788653671741486, "train_loss_sparse": 0.0003200336795998737, "train_loss_da": 1.381913661956787, "train_loss": 1.4221305847167969, "negative_adj": 73372900}, "10": {"train_loss_rec": 0.34046992659568787, "train_loss_kl": 0.3271629214286804, "train_loss_sparse": 0.000335973032633774, "train_loss_da": 1.3791438937187195, "train_loss": 1.3908021450042725, "negative_adj": 77486965}, "11": {"train_loss_rec": 0.31441397964954376, "train_loss_kl": 0.30997754633426666, "train_loss_sparse": 0.00034946497180499136, "train_loss_da": 1.3818806409835815, "train_loss": 1.350278377532959, "negative_adj": 82043247}}}