{"time": "2026030922054657902025276", "train_split": 1.0, "train_split_seed": null, "hidden_dim": 128, "z_dim": 1, "A_dim": 1, "train_on_non_zero": true, "dropout_augmentation_p": 0.1, "dropout_augmentation_type": "all", "cuda": false, "alpha": 100, "beta": 1, "chi": 0.5, "h_scale": 0, "delayed_steps_on_sparse": 5, "number_of_opt": 1, "batch_size": 64, "n_epochs": 120, "schedule": [1000, 2000], "eval_on_n_steps": 10, "early_stopping": 0, "lr_nn": 0.0001, "lr_adj": 2e-05, "K1": 1, "K2": 2, "current_step": 11, "log": {"0": {"train_loss_rec": 3.2197768688201904, "train_loss_kl": 0.008567819837480783, "train_loss_sparse": 0.00017118590039899573, "train_loss_da": 1.247432827949524, "train_loss": 3.8520610332489014, "negative_adj": 0}, "1": {"train_loss_rec": 2.247010111808777, "train_loss_kl": 0.07779993116855621, "train_loss_sparse": 0.00017180463328259066, "train_loss_da": 1.2415668964385986, "train_loss": 2.96277391910553, "negative_adj": 15327776}, "2": {"train_loss_rec": 1.3219410181045532, "train_loss_kl": 0.20840804278850555, "train_loss_sparse": 0.00018358760280534625, "train_loss_da": 1.2325817346572876, "train_loss": 2.1649986505508423, "negative_adj": 26249997}, "3": {"train_loss_rec": 0.9325234591960907, "train_loss_kl": 0.33592817187309265, "train_loss_sparse": 0.00020493631745921448, "train_loss_da": 1.2282721996307373, "train_loss": 1.9030813574790955, "negative_adj": 31841660}, "4": {"train_loss_rec": 0.7324431538581848, "train_loss_kl": 0.371693879365921, "train_loss_sparse": 0.00023298620362766087, "train_loss_da": 1.2221405506134033, "train_loss": 1.7385058999061584, "negative_adj": 39747112}, "5": {"train_loss_rec": 0.6121000647544861, "train_loss_kl": 0.3343520015478134, "train_loss_sparse": 0.000265300230239518, "train_loss_da": 1.2208417057991028, "train_loss": 1.5834028720855713, "negative_adj": 49267092}, "6": {"train_loss_rec": 0.4853818267583847, "train_loss_kl": 0.3537151366472244, "train_loss_sparse": 0.0002920629194704816, "train_loss_da": 1.2235088348388672, "train_loss": 1.480057716369629, "negative_adj": 55212362}, "7": {"train_loss_rec": 0.39215484261512756, "train_loss_kl": 0.3723008632659912, "train_loss_sparse": 0.0003075700515182689, "train_loss_da": 1.2236236333847046, "train_loss": 1.4070245027542114, "negative_adj": 59360323}, "8": {"train_loss_rec": 0.35201336443424225, "train_loss_kl": 0.3724488615989685, "train_loss_sparse": 0.0003138977335765958, "train_loss_da": 1.2230061888694763, "train_loss": 1.3673551082611084, "negative_adj": 62931313}, "9": {"train_loss_rec": 0.32477307319641113, "train_loss_kl": 0.36082103848457336, "train_loss_sparse": 0.00031838483118917793, "train_loss_da": 1.2212734818458557, "train_loss": 1.3280693292617798, "negative_adj": 66959403}, "10": {"train_loss_rec": 0.30677515268325806, "train_loss_kl": 0.3525133430957794, "train_loss_sparse": 0.0003241160011384636, "train_loss_da": 1.222055733203888, "train_loss": 1.302727997303009, "negative_adj": 70996443}, "11": {"train_loss_rec": 0.2877696007490158, "train_loss_kl": 0.34293772280216217, "train_loss_sparse": 0.0003311878826934844, "train_loss_da": 1.219076156616211, "train_loss": 1.2733641862869263, "negative_adj": 74366562}}}