{"time": "2026030715033651609591984", "train_split": 1.0, "train_split_seed": null, "hidden_dim": 128, "z_dim": 1, "A_dim": 1, "train_on_non_zero": true, "dropout_augmentation_p": 0.1, "dropout_augmentation_type": "all", "cuda": false, "alpha": 100, "beta": 1, "chi": 0.5, "h_scale": 0, "delayed_steps_on_sparse": 5, "number_of_opt": 1, "batch_size": 64, "n_epochs": 120, "schedule": [1000, 2000], "eval_on_n_steps": 10, "early_stopping": 0, "lr_nn": 0.0001, "lr_adj": 2e-05, "K1": 1, "K2": 2, "current_step": 11, "log": {"0": {"train_loss_rec": 4.51365852355957, "train_loss_kl": 0.0027142835315316916, "train_loss_sparse": 0.00017184542230097577, "train_loss_da": 1.254912793636322, "train_loss": 5.143829345703125, "negative_adj": 0}, "1": {"train_loss_rec": 3.5019932985305786, "train_loss_kl": 0.04743083938956261, "train_loss_sparse": 0.0001703567468211986, "train_loss_da": 1.2608120441436768, "train_loss": 4.196865797042847, "negative_adj": 14551152}, "2": {"train_loss_rec": 2.037835478782654, "train_loss_kl": 0.1527322232723236, "train_loss_sparse": 0.00017740329349180683, "train_loss_da": 1.2654260396957397, "train_loss": 2.8410210609436035, "negative_adj": 26666524}, "3": {"train_loss_rec": 1.2999502420425415, "train_loss_kl": 0.30063921213150024, "train_loss_sparse": 0.00019090905698249117, "train_loss_da": 1.2703290581703186, "train_loss": 2.254844903945923, "negative_adj": 33666205}, "4": {"train_loss_rec": 1.0408488512039185, "train_loss_kl": 0.36294442415237427, "train_loss_sparse": 0.00021137791918590665, "train_loss_da": 1.2727147936820984, "train_loss": 2.0612884759902954, "negative_adj": 38614993}, "5": {"train_loss_rec": 0.8451019525527954, "train_loss_kl": 0.37699466943740845, "train_loss_sparse": 0.00023503353440901265, "train_loss_da": 1.2721134424209595, "train_loss": 1.8816566467285156, "negative_adj": 46280412}, "6": {"train_loss_rec": 0.6902480721473694, "train_loss_kl": 0.35239139199256897, "train_loss_sparse": 0.0002590008662082255, "train_loss_da": 1.269432544708252, "train_loss": 1.7032557725906372, "negative_adj": 53050228}, "7": {"train_loss_rec": 0.5602774620056152, "train_loss_kl": 0.36756397783756256, "train_loss_sparse": 0.000276131191640161, "train_loss_da": 1.2692806720733643, "train_loss": 1.5900949239730835, "negative_adj": 56858239}, "8": {"train_loss_rec": 0.46534743905067444, "train_loss_kl": 0.37695690989494324, "train_loss_sparse": 0.0002845497365342453, "train_loss_da": 1.2687644362449646, "train_loss": 1.50514155626297, "negative_adj": 59360795}, "9": {"train_loss_rec": 0.396901473402977, "train_loss_kl": 0.37865325808525085, "train_loss_sparse": 0.00028813652170356363, "train_loss_da": 1.2685393691062927, "train_loss": 1.4386380910873413, "negative_adj": 62167452}, "10": {"train_loss_rec": 0.34977005422115326, "train_loss_kl": 0.374490886926651, "train_loss_sparse": 0.0002899470127886161, "train_loss_da": 1.268320620059967, "train_loss": 1.387415885925293, "negative_adj": 65226610}, "11": {"train_loss_rec": 0.3153975009918213, "train_loss_kl": 0.3683500289916992, "train_loss_sparse": 0.00029140089463908225, "train_loss_da": 1.266400396823883, "train_loss": 1.3460878133773804, "negative_adj": 68103134}}}