{"time": "2026030721431621347261964", "train_split": 1.0, "train_split_seed": null, "hidden_dim": 128, "z_dim": 1, "A_dim": 1, "train_on_non_zero": true, "dropout_augmentation_p": 0.1, "dropout_augmentation_type": "all", "cuda": false, "alpha": 100, "beta": 1, "chi": 0.5, "h_scale": 0, "delayed_steps_on_sparse": 5, "number_of_opt": 1, "batch_size": 64, "n_epochs": 120, "schedule": [1000, 2000], "eval_on_n_steps": 10, "early_stopping": 0, "lr_nn": 0.0001, "lr_adj": 2e-05, "K1": 1, "K2": 2, "current_step": 11, "log": {"0": {"train_loss_rec": 4.602547645568848, "train_loss_kl": 0.01376322377473116, "train_loss_sparse": 0.00017175491666421294, "train_loss_da": 1.2480573058128357, "train_loss": 5.240339517593384, "negative_adj": 0}, "1": {"train_loss_rec": 3.998984456062317, "train_loss_kl": 0.020963951013982296, "train_loss_sparse": 0.00016564079123781994, "train_loss_da": 1.2495688796043396, "train_loss": 4.661297082901001, "negative_adj": 14772754}, "2": {"train_loss_rec": 2.5682389736175537, "train_loss_kl": 0.1025720052421093, "train_loss_sparse": 0.00017180071881739423, "train_loss_da": 1.2481247782707214, "train_loss": 3.3120533227920532, "negative_adj": 26688499}, "3": {"train_loss_rec": 1.4483524560928345, "train_loss_kl": 0.2481280192732811, "train_loss_sparse": 0.00018453967641107738, "train_loss_da": 1.250766634941101, "train_loss": 2.340317726135254, "negative_adj": 34256145}, "4": {"train_loss_rec": 1.1834195852279663, "train_loss_kl": 0.331527978181839, "train_loss_sparse": 0.00020376745669636875, "train_loss_da": 1.2498794794082642, "train_loss": 2.1602641344070435, "negative_adj": 39308422}, "5": {"train_loss_rec": 1.0090413093566895, "train_loss_kl": 0.32698284089565277, "train_loss_sparse": 0.00022840996098238975, "train_loss_da": 1.2506961822509766, "train_loss": 1.9842132329940796, "negative_adj": 45917310}, "6": {"train_loss_rec": 0.8226228356361389, "train_loss_kl": 0.3191527873277664, "train_loss_sparse": 0.00025452494446653873, "train_loss_da": 1.2493035197257996, "train_loss": 1.7918798327445984, "negative_adj": 51874557}, "7": {"train_loss_rec": 0.6505592167377472, "train_loss_kl": 0.3424934297800064, "train_loss_sparse": 0.0002755732275545597, "train_loss_da": 1.249831199645996, "train_loss": 1.645525574684143, "negative_adj": 55115234}, "8": {"train_loss_rec": 0.5164519846439362, "train_loss_kl": 0.36841361224651337, "train_loss_sparse": 0.0002873640041798353, "train_loss_da": 1.2485451102256775, "train_loss": 1.5378745794296265, "negative_adj": 57514588}, "9": {"train_loss_rec": 0.43516089022159576, "train_loss_kl": 0.3761928826570511, "train_loss_sparse": 0.00029169929621275514, "train_loss_da": 1.248748242855072, "train_loss": 1.4648978114128113, "negative_adj": 60156787}, "10": {"train_loss_rec": 0.3738352805376053, "train_loss_kl": 0.3773254305124283, "train_loss_sparse": 0.00029315562278497964, "train_loss_da": 1.2480903267860413, "train_loss": 1.4045214653015137, "negative_adj": 63133042}, "11": {"train_loss_rec": 0.33065639436244965, "train_loss_kl": 0.3720303922891617, "train_loss_sparse": 0.00029406623798422515, "train_loss_da": 1.2472760677337646, "train_loss": 1.3557314276695251, "negative_adj": 66423018}}}